season ,Team,Gms,Tot Pts,Pts/G,RushYds,RYds/G,PassYds,PYds/G,TotYds,Yds/G,Ranking
2010,San Diego Chargers,16,441,27.6,1810,113.1,4519,282.4,6329,395.6,1
2010,Philadelphia Eagles,16,439,27.4,2324,145.2,3906,244.1,6230,389.4,2
2010,Houston Texans,16,390,24.4,2042,127.6,4144,259,6186,386.6,3
2010,Indianapolis Colts,16,435,27.2,1483,92.7,4609,288.1,6092,380.8,4
2010,New York Giants,16,394,24.6,2200,137.5,3885,242.8,6085,380.3,5
2010,New Orleans Saints,16,384,24,1519,94.9,4441,277.6,5960,372.5,6
2010,Dallas Cowboys,16,394,24.6,1786,111.6,4042,252.6,5828,364.2,7
2010,New England Patriots,16,518,32.4,1973,123.3,3847,240.4,5820,363.8,8
2010,Green Bay Packers,16,388,24.2,1606,100.4,4124,257.8,5730,358.1,9
2010,Oakland Raiders,16,410,25.6,2494,155.9,3180,198.8,5674,354.6,10
2010,New York Jets,16,367,22.9,2374,148.4,3242,202.6,5616,351,11
2010,Kansas City Chiefs,16,366,22.9,2627,164.2,2968,185.5,5595,349.7,12
2010,Denver Broncos,16,344,21.5,1544,96.5,4038,252.4,5582,348.9,13
2010,Pittsburgh Steelers,16,375,23.4,1924,120.2,3601,225.1,5525,345.3,14
2010,Jacksonville Jaguars,16,353,22.1,2395,149.7,3065,191.6,5460,341.2,15
2010,Atlanta Falcons,16,414,25.9,1891,118.2,3567,222.9,5458,341.1,16
2010,Detroit Lions,16,362,22.6,1613,100.8,3810,238.1,5423,338.9,17
2010,Washington Football Team,16,302,18.9,1461,91.3,3913,244.6,5374,335.9,18
2010,Tampa Bay Buccaneers,16,341,21.3,2001,125.1,3361,210.1,5362,335.1,19
2010,Cincinnati Bengals,16,322,20.1,1522,95.1,3767,235.4,5289,330.6,20
2010,Miami Dolphins,16,273,17.1,1643,102.7,3527,220.4,5170,323.1,21
2010,Baltimore Ravens,16,357,22.3,1831,114.4,3335,208.4,5166,322.9,22
2010,Minnesota Vikings,16,281,17.6,1942,121.4,3097,193.6,5039,314.9,23
2010,San Francisco 49ers,16,305,19.1,1657,103.6,3356,209.8,5013,313.3,24
2010,Buffalo Bills,16,283,17.7,1720,107.5,3158,197.4,4878,304.9,25
2010,St. Louis Rams,16,289,18.1,1578,98.6,3268,204.2,4846,302.9,26
2010,Tennessee Titans,16,356,22.2,1727,107.9,3107,194.2,4834,302.1,27
2010,Seattle Seahawks,16,310,19.4,1424,89,3341,208.8,4765,297.8,28
2010,Cleveland Browns,16,271,16.9,1646,102.9,2989,186.8,4635,289.7,29
2010,Chicago Bears,16,334,20.9,1616,101,3015,188.4,4631,289.4,30
2010,Arizona Cardinals,16,289,18.1,1388,86.8,2921,182.6,4309,269.3,31
2010,Carolina Panthers,16,196,12.2,1846,115.4,2289,143.1,4135,258.4,32
2011,New Orleans Saints,16,547,34.2,2127,132.9,5347,334.2,7474,467.1,1
2011,New England Patriots,16,513,32.1,1764,110.2,5084,317.8,6848,428,2
2011,Green Bay Packers,16,560,35,1558,97.4,4924,307.8,6482,405.1,3
2011,Philadelphia Eagles,16,396,24.8,2276,142.2,4110,256.9,6386,399.1,4
2011,Detroit Lions,16,474,29.6,1523,95.2,4814,300.9,6337,396.1,5
2011,San Diego Chargers,16,406,25.4,1864,116.5,4426,276.6,6290,393.1,6
2011,Carolina Panthers,16,406,25.4,2408,150.5,3829,239.3,6237,389.8,7
2011,New York Giants,16,394,24.6,1427,89.2,4734,295.9,6161,385.1,8
2011,Oakland Raiders,16,359,22.4,2110,131.9,3962,247.6,6072,379.5,9
2011,Atlanta Falcons,16,402,25.1,1834,114.6,4192,262,6026,376.6,10
2011,Dallas Cowboys,16,369,23.1,1807,112.9,4201,262.6,6008,375.5,11
2011,Pittsburgh Steelers,16,325,20.3,1903,118.9,4054,253.4,5957,372.3,12
2011,Houston Texans,16,381,23.8,2448,153,3506,219.1,5954,372.1,13
2011,Buffalo Bills,16,372,23.2,1921,120.1,3703,231.4,5624,351.5,14
2011,Baltimore Ravens,16,378,23.6,1996,124.8,3423,213.9,5419,338.7,15
2011,Washington Football Team,16,288,18,1614,100.9,3773,235.8,5387,336.7,16
2011,Tennessee Titans,16,325,20.3,1438,89.9,3923,245.2,5361,335.1,17
2011,Minnesota Vikings,16,340,21.2,2318,144.9,2957,184.8,5275,329.7,18
2011,Arizona Cardinals,16,312,19.5,1625,101.6,3567,222.9,5192,324.5,19
2011,Cincinnati Bengals,16,344,21.5,1778,111.1,3340,208.8,5118,319.9,20
2011,Tampa Bay Buccaneers,16,287,17.9,1458,91.1,3650,228.1,5108,319.2,21
2011,Miami Dolphins,16,329,20.6,1987,124.2,3091,193.2,5078,317.4,22
2011,Denver Broncos,16,309,19.3,2632,164.5,2434,152.1,5066,316.6,23
2011,Chicago Bears,16,353,22.1,2015,125.9,3011,188.2,5026,314.1,24
2011,New York Jets,16,377,23.6,1692,105.8,3297,206.1,4989,311.8,25
2011,San Francisco 49ers,16,380,23.8,2044,127.8,2930,183.1,4974,310.9,26
2011,Kansas City Chiefs,16,212,13.2,1893,118.3,3080,192.5,4973,310.8,27
2011,Seattle Seahawks,16,321,20.1,1756,109.8,3105,194.1,4861,303.8,28
2011,Cleveland Browns,16,218,13.6,1531,95.7,3090,193.1,4621,288.8,29
2011,Indianapolis Colts,16,243,15.2,1594,99.6,2995,187.2,4589,286.8,30
2011,St. Louis Rams,16,193,12.1,1667,104.2,2870,179.4,4537,283.6,31
2011,Jacksonville Jaguars,16,243,15.2,1970,123.1,2179,136.2,4149,259.3,32
2012,New England Patriots,16,557,34.8,2184,136.5,4662,291.4,6846,427.9,1
2012,New Orleans Saints,16,461,28.8,1577,98.6,4997,312.3,6574,410.9,2
2012,Detroit Lions,16,372,23.2,1613,100.8,4927,307.9,6540,408.8,3
2012,Denver Broncos,16,481,30.1,1832,114.5,4534,283.4,6366,397.9,4
2012,Washington Football Team,16,436,27.2,2709,169.3,3422,213.9,6131,383.2,5
2012,Dallas Cowboys,16,376,23.5,1265,79.1,4729,295.6,5994,374.6,6
2012,Houston Texans,16,416,26,2123,132.7,3830,239.4,5953,372.1,7
2012,Atlanta Falcons,16,419,26.2,1397,87.3,4509,281.8,5906,369.1,8
2012,Tampa Bay Buccaneers,16,389,24.3,1837,114.8,3983,248.9,5820,363.8,9
2012,Indianapolis Colts,16,357,22.3,1671,104.4,4128,258,5799,362.4,10
2012,San Francisco 49ers,16,397,24.8,2491,155.7,3298,206.1,5789,361.8,11
2012,Carolina Panthers,16,357,22.3,2088,130.5,3683,230.2,5771,360.7,12
2012,Green Bay Packers,16,433,27.1,1702,106.4,4049,253.1,5751,359.4,13
2012,New York Giants,16,429,26.8,1862,116.4,3825,239.1,5687,355.4,14
2012,Philadelphia Eagles,16,280,17.5,1874,117.1,3791,236.9,5665,354.1,15
2012,Baltimore Ravens,16,398,24.9,1901,118.8,3739,233.7,5640,352.5,16
2012,Seattle Seahawks,16,412,25.8,2579,161.2,3031,189.4,5610,350.6,17
2012,Oakland Raiders,16,290,18.1,1420,88.8,4084,255.2,5504,344,18
2012,Buffalo Bills,16,344,21.5,2217,138.6,3269,204.3,5486,342.9,19
2012,Minnesota Vikings,16,379,23.7,2634,164.6,2751,171.9,5385,336.6,20
2012,Pittsburgh Steelers,16,336,21,1537,96.1,3787,236.7,5324,332.8,21
2012,Cincinnati Bengals,16,391,24.4,1745,109.1,3578,223.6,5323,332.7,22
2012,St. Louis Rams,16,299,18.7,1714,107.1,3550,221.9,5264,329,23
2012,Kansas City Chiefs,16,211,13.2,2395,149.7,2713,169.6,5108,319.2,24
2012,Cleveland Browns,16,302,18.9,1593,99.6,3435,214.7,5028,314.2,25
2012,Tennessee Titans,16,330,20.6,1687,105.4,3323,207.7,5010,313.1,26
2012,Miami Dolphins,16,288,18,1802,112.6,3182,198.9,4984,311.5,27
2012,Chicago Bears,16,375,23.4,1970,123.1,2999,187.4,4969,310.6,28
2012,Jacksonville Jaguars,16,255,15.9,1369,85.6,3419,213.7,4788,299.2,29
2012,New York Jets,16,281,17.6,1896,118.5,2891,180.7,4787,299.2,30
2012,San Diego Chargers,16,350,21.9,1461,91.3,3295,205.9,4756,297.2,31
2012,Arizona Cardinals,16,250,15.6,1204,75.2,3005,187.8,4209,263.1,32
2013,Denver Broncos,16,606,37.9,1873,117.1,5444,340.2,7317,457.3,1
2013,Philadelphia Eagles,16,442,27.6,2566,160.4,4110,256.9,6676,417.2,2
2013,Green Bay Packers,16,417,26.1,2136,133.5,4268,266.8,6404,400.2,3
2013,New Orleans Saints,16,414,25.9,1473,92.1,4918,307.4,6391,399.4,4
2013,San Diego Chargers,16,396,24.8,1965,122.8,4328,270.5,6293,393.3,5
2013,Detroit Lions,16,395,24.7,1792,112,4482,280.1,6274,392.1,6
2013,New England Patriots,16,444,27.8,2065,129.1,4087,255.4,6152,384.5,7
2013,Chicago Bears,16,445,27.8,1828,114.2,4281,267.6,6109,381.8,8
2013,Washington Football Team,16,334,20.9,2164,135.2,3751,234.4,5915,369.7,9
2013,Cincinnati Bengals,16,430,26.9,1755,109.7,4136,258.5,5891,368.2,10
2013,Houston Texans,16,276,17.2,1743,108.9,3813,238.3,5556,347.2,11
2013,Arizona Cardinals,16,379,23.7,1540,96.2,4002,250.1,5542,346.4,12
2013,Minnesota Vikings,16,391,24.4,2081,130.1,3427,214.2,5508,344.2,13
2013,Atlanta Falcons,16,353,22.1,1247,77.9,4243,265.2,5490,343.1,14
2013,Indianapolis Colts,16,391,24.4,1743,108.9,3725,232.8,5468,341.8,15
2013,Dallas Cowboys,16,439,27.4,1504,94,3954,247.1,5458,341.1,16
2013,Cleveland Browns,16,308,19.2,1383,86.4,4047,252.9,5430,339.4,17
2013,Seattle Seahawks,16,417,26.1,2188,136.8,3236,202.2,5424,339,18
2013,Buffalo Bills,16,339,21.2,2307,144.2,3103,193.9,5410,338.1,19
2013,Pittsburgh Steelers,16,379,23.7,1383,86.4,4017,251.1,5400,337.5,20
2013,Kansas City Chiefs,16,430,26.9,2056,128.5,3340,208.8,5396,337.2,21
2013,Tennessee Titans,16,362,22.6,1894,118.4,3496,218.5,5390,336.9,22
2013,Oakland Raiders,16,322,20.1,2000,125,3340,208.8,5340,333.8,23
2013,San Francisco 49ers,16,406,25.4,2201,137.6,2979,186.2,5180,323.8,24
2013,New York Jets,16,290,18.1,2158,134.9,2932,183.2,5090,318.1,25
2013,Carolina Panthers,16,366,22.9,2026,126.6,3043,190.2,5069,316.8,26
2013,Miami Dolphins,16,317,19.8,1440,90,3567,222.9,5007,312.9,27
2013,New York Giants,16,294,18.4,1332,83.2,3588,224.2,4920,307.5,28
2013,Baltimore Ravens,16,320,20,1328,83,3590,224.4,4918,307.4,29
2013,St. Louis Rams,16,348,21.8,1752,109.5,3125,195.3,4877,304.8,30
2013,Jacksonville Jaguars,16,247,15.4,1260,78.8,3441,215.1,4701,293.8,31
2013,Tampa Bay Buccaneers,16,288,18,1612,100.8,2820,176.2,4432,277,32
2014,New Orleans Saints,16,401,25.1,1818,113.6,4764,297.8,6582,411.4,1
2014,Pittsburgh Steelers,16,436,27.2,1752,109.5,4825,301.6,6577,411.1,2
2014,Indianapolis Colts,16,458,28.6,1612,100.8,4894,305.9,6506,406.6,3
2014,Denver Broncos,16,482,30.1,1785,111.6,4661,291.3,6446,402.9,4
2014,Philadelphia Eagles,16,474,29.6,1992,124.5,4356,272.2,6348,396.8,5
2014,Green Bay Packers,16,486,30.4,1917,119.8,4261,266.3,6178,386.1,6
2014,Dallas Cowboys,16,467,29.2,2354,147.1,3784,236.5,6138,383.6,7
2014,Atlanta Falcons,16,381,23.8,1498,93.6,4553,284.6,6051,378.2,8
2014,Seattle Seahawks,16,394,24.6,2762,172.6,3250,203.1,6012,375.8,9
2014,New York Giants,16,380,23.8,1603,100.2,4272,267,5875,367.2,10
2014,New England Patriots,16,468,29.2,1727,107.9,4121,257.6,5848,365.5,11
2014,Baltimore Ravens,16,409,25.6,2019,126.2,3819,238.7,5838,364.9,12
2014,Washington Football Team,16,301,18.8,1691,105.7,4047,252.9,5738,358.6,13
2014,Miami Dolphins,16,388,24.2,1872,117,3729,233.1,5601,350.1,14
2014,Cincinnati Bengals,16,365,22.8,2147,134.2,3421,213.8,5568,348,15
2014,Carolina Panthers,16,339,21.2,2036,127.2,3511,219.4,5547,346.7,16
2014,Houston Texans,16,372,23.2,2161,135.1,3352,209.5,5513,344.6,17
2014,San Diego Chargers,16,348,21.8,1367,85.4,4098,256.1,5465,341.6,18
2014,Detroit Lions,16,321,20.1,1422,88.9,4030,251.9,5452,340.8,19
2014,San Francisco 49ers,16,306,19.1,2176,136,3063,191.4,5239,327.4,20
2014,Chicago Bears,16,319,19.9,1441,90.1,3792,237,5233,327.1,21
2014,New York Jets,16,283,17.7,2280,142.5,2946,184.1,5226,326.6,22
2014,Cleveland Browns,16,299,18.7,1728,108,3465,216.6,5193,324.6,23
2014,Arizona Cardinals,16,310,19.4,1308,81.8,3808,238,5116,319.8,24
2014,Kansas City Chiefs,16,353,22.1,1918,119.9,3182,198.9,5100,318.8,25
2014,Buffalo Bills,16,343,21.4,1482,92.6,3614,225.9,5096,318.5,26
2014,Minnesota Vikings,16,325,20.3,1804,112.8,3244,202.8,5048,315.5,27
2014,St. Louis Rams,16,324,20.2,1635,102.2,3400,212.5,5035,314.7,28
2014,Tennessee Titans,16,254,15.9,1447,90.4,3412,213.2,4859,303.7,29
2014,Tampa Bay Buccaneers,16,277,17.3,1375,85.9,3297,206.1,4672,292,30
2014,Jacksonville Jaguars,16,249,15.6,1633,102.1,3001,187.6,4634,289.6,31
2014,Oakland Raiders,16,253,15.8,1240,77.5,3275,204.7,4515,282.2,32
2015,Arizona Cardinals,16,489,30.6,1917,119.8,4616,288.5,6533,408.3,1
2015,New Orleans Saints,16,408,25.5,1491,93.2,4970,310.6,6461,403.8,2
2015,Pittsburgh Steelers,16,423,26.4,1724,107.8,4603,287.7,6327,395.4,3
2015,Seattle Seahawks,16,423,26.4,2268,141.8,3790,236.9,6058,378.6,4
2015,Tampa Bay Buccaneers,16,342,21.4,2162,135.1,3852,240.8,6014,375.9,5
2015,New England Patriots,16,465,29.1,1404,87.8,4587,286.7,5991,374.4,6
2015,Atlanta Falcons,16,339,21.2,1606,100.4,4379,273.7,5985,374.1,7
2015,New York Giants,16,420,26.2,1609,100.6,4343,271.4,5952,372,8
2015,San Diego Chargers,16,320,20,1358,84.9,4591,286.9,5949,371.8,9
2015,New York Jets,16,387,24.2,1868,116.8,4057,253.6,5925,370.3,10
2015,Carolina Panthers,16,500,31.2,2282,142.6,3589,224.3,5871,366.9,11
2015,Philadelphia Eagles,16,377,23.6,1743,108.9,4087,255.4,5830,364.4,12
2015,Buffalo Bills,16,379,23.7,2432,152,3343,208.9,5775,360.9,13
2015,Baltimore Ravens,16,328,20.5,1478,92.4,4271,266.9,5749,359.3,14
2015,Cincinnati Bengals,16,419,26.2,1805,112.8,3923,245.2,5728,358,15
2015,Denver Broncos,16,355,22.2,1718,107.4,3970,248.1,5688,355.5,16
2015,Washington Football Team,16,388,24.2,1566,97.9,4095,255.9,5661,353.8,17
2015,Jacksonville Jaguars,16,376,23.5,1473,92.1,4108,256.8,5581,348.8,18
2015,Houston Texans,16,339,21.2,1731,108.2,3833,239.6,5564,347.8,19
2015,Detroit Lions,16,358,22.4,1335,83.4,4212,263.2,5547,346.7,20
2015,Chicago Bears,16,335,20.9,1854,115.9,3660,228.8,5514,344.6,21
2015,Dallas Cowboys,16,275,17.2,1890,118.1,3471,216.9,5361,335.1,22
2015,Green Bay Packers,16,368,23,1850,115.6,3503,218.9,5353,334.6,23
2015,Oakland Raiders,16,359,22.4,1457,91.1,3879,242.4,5336,333.5,24
2015,Cleveland Browns,16,278,17.4,1529,95.6,3782,236.4,5311,331.9,25
2015,Miami Dolphins,16,310,19.4,1496,93.5,3811,238.2,5307,331.7,26
2015,Kansas City Chiefs,16,405,25.3,2044,127.8,3255,203.4,5299,331.2,27
2015,Indianapolis Colts,16,333,20.8,1438,89.9,3704,231.5,5142,321.4,28
2015,Minnesota Vikings,16,365,22.8,2211,138.2,2928,183,5139,321.2,29
2015,Tennessee Titans,16,299,18.7,1485,92.8,3503,218.9,4988,311.8,30
2015,San Francisco 49ers,16,238,14.9,1544,96.5,3316,207.2,4860,303.8,31
2015,St. Louis Rams,16,280,17.5,1956,122.2,2805,175.3,4761,297.6,32
2016,New Orleans Saints,16,469,29.3,1742,108.9,5074,317.1,6816,426,1
2016,Atlanta Falcons,16,540,33.8,1928,120.5,4725,295.3,6653,415.8,2
2016,Washington Football Team,16,396,24.8,1696,106,4758,297.4,6454,403.4,3
2016,New England Patriots,16,441,27.6,1872,117,4308,269.2,6180,386.2,4
2016,Dallas Cowboys,16,421,26.3,2396,149.8,3631,226.9,6027,376.7,5
2016,Oakland Raiders,16,416,26,1922,120.1,4051,253.2,5973,373.3,6
2016,Pittsburgh Steelers,16,399,24.9,1760,110,4202,262.6,5962,372.6,7
2016,Green Bay Packers,16,432,27,1701,106.3,4199,262.4,5900,368.8,8
2016,Arizona Cardinals,16,418,26.1,1732,108.2,4136,258.5,5868,366.8,9
2016,Indianapolis Colts,16,411,25.7,1628,101.8,4202,262.6,5830,364.4,10
2016,Tennessee Titans,16,381,23.8,2187,136.7,3541,221.3,5728,358,11
2016,Seattle Seahawks,16,354,22.1,1591,99.4,4124,257.8,5715,357.2,12
2016,Cincinnati Bengals,16,325,20.3,1769,110.6,3942,246.4,5711,356.9,13
2016,San Diego Chargers,16,410,25.6,1510,94.4,4198,262.4,5708,356.8,14
2016,Chicago Bears,16,279,17.4,1735,108.4,3969,248.1,5704,356.5,15
2016,Buffalo Bills,16,399,24.9,2630,164.4,3036,189.8,5666,354.1,16
2016,Baltimore Ravens,16,343,21.4,1463,91.4,4100,256.2,5563,347.7,17
2016,Tampa Bay Buccaneers,16,354,22.1,1616,101,3926,245.4,5542,346.4,18
2016,Carolina Panthers,16,369,23.1,1814,113.4,3685,230.3,5499,343.7,19
2016,Kansas City Chiefs,16,389,24.3,1748,109.2,3740,233.8,5488,343,20
2016,Detroit Lions,16,346,21.6,1310,81.9,4111,256.9,5421,338.8,21
2016,Philadelphia Eagles,16,367,22.9,1813,113.3,3585,224.1,5398,337.4,22
2016,Jacksonville Jaguars,16,318,19.9,1631,101.9,3728,233,5359,334.9,23
2016,Miami Dolphins,16,363,22.7,1824,114,3500,218.8,5324,332.8,24
2016,New York Giants,16,310,19.4,1412,88.2,3879,242.4,5291,330.7,25
2016,New York Jets,16,275,17.2,1802,112.6,3466,216.6,5268,329.2,26
2016,Denver Broncos,16,333,20.8,1484,92.8,3685,230.3,5169,323.1,27
2016,Minnesota Vikings,16,327,20.4,1205,75.3,3836,239.8,5041,315.1,28
2016,Houston Texans,16,279,17.4,1859,116.2,3176,198.5,5035,314.7,29
2016,Cleveland Browns,16,264,16.5,1712,107,3264,204,4976,311,30
2016,San Francisco 49ers,16,309,19.3,2019,126.2,2911,181.9,4930,308.1,31
2016,Los Angeles Rams,16,224,14,1252,78.2,2951,184.4,4203,262.7,32
2017,New England Patriots,16,458,28.6,1889,118.1,4418,276.1,6307,394.2,1
2017,New Orleans Saints,16,448,28,2070,129.4,4189,261.8,6259,391.2,2
2017,Pittsburgh Steelers,16,406,25.4,1667,104.2,4380,273.8,6047,377.9,3
2017,Los Angeles Chargers,16,355,22.2,1595,99.7,4431,276.9,6026,376.6,4
2017,Kansas City Chiefs,16,415,25.9,1903,118.9,4104,256.5,6007,375.4,5
2017,Jacksonville Jaguars,16,417,26.1,2262,141.4,3593,224.6,5855,365.9,6
2017,Philadelphia Eagles,16,457,28.6,2115,132.2,3737,233.6,5852,365.8,7
2017,Atlanta Falcons,16,353,22.1,1847,115.4,3990,249.4,5837,364.8,8
2017,Tampa Bay Buccaneers,16,335,20.9,1450,90.6,4366,272.9,5816,363.5,9
2017,Los Angeles Rams,16,478,29.9,1953,122.1,3831,239.4,5784,361.5,10
2017,Minnesota Vikings,16,382,23.9,1957,122.3,3753,234.6,5710,356.9,11
2017,San Francisco 49ers,16,331,20.7,1662,103.9,3925,245.3,5587,349.2,12
2017,Detroit Lions,16,410,25.6,1221,76.3,4183,261.4,5404,337.8,13
2017,Dallas Cowboys,16,354,22.1,2170,135.6,3141,196.3,5311,331.9,14
2017,Seattle Seahawks,16,366,22.9,1629,101.8,3657,228.6,5286,330.4,15
2017,Washington Football Team,16,342,21.4,1448,90.5,3751,234.4,5199,324.9,16
2017,Denver Broncos,16,289,18.1,1852,115.8,3333,208.3,5185,324.1,17
2017,Oakland Raiders,16,301,18.8,1554,97.1,3631,226.9,5185,324.1,18
2017,Carolina Panthers,16,363,22.7,2102,131.4,3077,192.3,5179,323.7,19
2017,Houston Texans,16,338,21.1,1842,115.1,3278,204.9,5120,320,20
2017,New York Giants,16,246,15.4,1549,96.8,3479,217.4,5028,314.2,21
2017,Arizona Cardinals,16,295,18.4,1386,86.6,3640,227.5,5026,314.1,22
2017,Tennessee Titans,16,334,20.9,1833,114.6,3191,199.4,5024,314,23
2017,Cleveland Browns,16,234,14.6,1714,107.1,3228,201.8,4942,308.9,24
2017,Miami Dolphins,16,281,17.6,1388,86.8,3535,220.9,4923,307.7,25
2017,Green Bay Packers,16,320,20,1724,107.8,3167,197.9,4891,305.7,26
2017,Baltimore Ravens,16,395,24.7,1856,116,3030,189.4,4886,305.4,27
2017,New York Jets,16,298,18.6,1702,106.4,3182,198.9,4884,305.2,28
2017,Buffalo Bills,16,302,18.9,2017,126.1,2825,176.6,4842,302.6,29
2017,Chicago Bears,16,264,16.5,1788,111.8,2811,175.7,4599,287.4,30
2017,Indianapolis Colts,16,263,16.4,1661,103.8,2892,180.8,4553,284.6,31
2017,Cincinnati Bengals,16,290,18.1,1366,85.4,3122,195.1,4488,280.5,32
2018,Kansas City Chiefs,16,565,35.3,1855,115.9,4955,309.7,6810,425.6,1
2018,Los Angeles Rams,16,527,32.9,2231,139.4,4507,281.7,6738,421.1,2
2018,Tampa Bay Buccaneers,16,396,24.8,1523,95.2,5125,320.3,6648,415.5,3
2018,Pittsburgh Steelers,16,428,26.8,1445,90.3,5008,313,6453,403.3,4
2018,New England Patriots,16,436,27.2,2037,127.3,4258,266.1,6295,393.4,5
2018,Atlanta Falcons,16,414,25.9,1573,98.3,4653,290.8,6226,389.1,6
2018,Indianapolis Colts,16,433,27.1,1718,107.4,4461,278.8,6179,386.2,7
2018,New Orleans Saints,16,504,31.5,2025,126.6,4042,252.6,6067,379.2,8
2018,Baltimore Ravens,16,389,24.3,2441,152.6,3558,222.4,5999,374.9,9
2018,Carolina Panthers,16,376,23.5,2136,133.5,3836,239.8,5972,373.2,10
2018,Los Angeles Chargers,16,428,26.8,1873,117.1,4089,255.6,5962,372.6,11
2018,Green Bay Packers,16,376,23.5,1667,104.2,4238,264.9,5905,369.1,12
2018,Cleveland Browns,16,359,22.4,1893,118.3,4007,250.4,5900,368.8,13
2018,Philadelphia Eagles,16,367,22.9,1570,98.1,4275,267.2,5845,365.3,14
2018,Houston Texans,16,402,25.1,2021,126.3,3781,236.3,5802,362.6,15
2018,San Francisco 49ers,16,342,21.4,1902,118.9,3867,241.7,5769,360.6,16
2018,New York Giants,16,369,23.1,1650,103.1,4047,252.9,5697,356.1,17
2018,Seattle Seahawks,16,428,26.8,2560,160,3093,193.3,5653,353.3,18
2018,Denver Broncos,16,329,20.6,1907,119.2,3695,230.9,5602,350.1,19
2018,Minnesota Vikings,16,360,22.5,1493,93.3,4036,252.2,5529,345.6,20
2018,Chicago Bears,16,421,26.3,1938,121.1,3564,222.8,5502,343.9,21
2018,Dallas Cowboys,16,339,21.2,1963,122.7,3538,221.1,5501,343.8,22
2018,Oakland Raiders,16,290,18.1,1628,101.8,3751,234.4,5379,336.2,23
2018,Detroit Lions,16,324,20.2,1660,103.8,3576,223.5,5236,327.2,24
2018,Tennessee Titans,16,310,19.4,2023,126.4,2975,185.9,4998,312.4,25
2018,Cincinnati Bengals,16,368,23,1682,105.1,3290,205.6,4972,310.8,26
2018,Jacksonville Jaguars,16,245,15.3,1723,107.7,3109,194.3,4832,302,27
2018,Washington Football Team,16,281,17.6,1774,110.9,3021,188.8,4795,299.7,28
2018,New York Jets,16,333,20.8,1622,101.4,3165,197.8,4787,299.2,29
2018,Buffalo Bills,16,269,16.8,1984,124,2794,174.6,4778,298.6,30
2018,Miami Dolphins,16,319,19.9,1738,108.6,2900,181.2,4638,289.9,31
2018,Arizona Cardinals,16,225,14.1,1342,83.9,2523,157.7,3865,241.6,32
2019,Dallas Cowboys,16,434,27.1,2153,134.6,4751,296.9,6904,431.5,1
2019,Baltimore Ravens,16,531,33.2,3296,206,3225,201.6,6521,407.6,2
2019,Tampa Bay Buccaneers,16,458,28.6,1521,95.1,4845,302.8,6366,397.9,3
2019,San Francisco 49ers,16,479,29.9,2305,144.1,3792,237,6097,381.1,4
2019,Atlanta Falcons,16,381,23.8,1361,85.1,4714,294.6,6075,379.7,5
2019,Kansas City Chiefs,16,451,28.2,1569,98.1,4498,281.1,6067,379.2,6
2019,Los Angeles Rams,16,394,24.6,1499,93.7,4499,281.2,5998,374.9,7
2019,Seattle Seahawks,16,405,25.3,2200,137.5,3791,236.9,5991,374.4,8
2019,New Orleans Saints,16,458,28.6,1738,108.6,4244,265.2,5982,373.9,9
2019,Los Angeles Chargers,16,337,21.1,1453,90.8,4426,276.6,5879,367.4,10
2019,Oakland Raiders,16,313,19.6,1893,118.3,3926,245.4,5819,363.7,11
2019,Tennessee Titans,16,402,25.1,2223,138.9,3582,223.9,5805,362.8,12
2019,Houston Texans,16,378,23.6,2009,125.6,3783,236.4,5792,362,13
2019,Philadelphia Eagles,16,385,24.1,1939,121.2,3833,239.6,5772,360.8,14
2019,New England Patriots,16,420,26.2,1703,106.4,3961,247.6,5664,354,15
2019,Minnesota Vikings,16,407,25.4,2133,133.3,3523,220.2,5656,353.5,16
2019,Detroit Lions,16,341,21.3,1649,103.1,3900,243.8,5549,346.8,17
2019,Green Bay Packers,16,376,23.5,1795,112.2,3733,233.3,5528,345.5,18
2019,Carolina Panthers,16,340,21.2,1819,113.7,3650,228.1,5469,341.8,19
2019,Jacksonville Jaguars,16,300,18.8,1708,106.8,3760,235,5468,341.8,20
2019,Arizona Cardinals,16,361,22.6,1990,124.4,3477,217.3,5467,341.7,21
2019,Cleveland Browns,16,335,20.9,1901,118.8,3554,222.1,5455,340.9,22
2019,New York Giants,16,341,21.3,1685,105.3,3731,233.2,5416,338.5,23
2019,Buffalo Bills,16,314,19.6,2054,128.4,3229,201.8,5283,330.2,24
2019,Indianapolis Colts,16,361,22.6,2130,133.1,3108,194.2,5238,327.4,25
2019,Cincinnati Bengals,16,279,17.4,1517,94.8,3652,228.2,5169,323.1,26
2019,Miami Dolphins,16,306,19.1,1156,72.2,3804,237.8,4960,310,27
2019,Denver Broncos,16,282,17.6,1662,103.9,3115,194.7,4777,298.6,28
2019,Chicago Bears,16,280,17.5,1458,91.1,3291,205.7,4749,296.8,29
2019,Pittsburgh Steelers,16,289,18.1,1447,90.4,2981,186.3,4428,276.8,30
2019,Washington Football Team,16,266,16.6,1583,98.9,2812,175.8,4395,274.7,31
2019,New York Jets,16,276,17.2,1257,78.6,3111,194.4,4368,273,32
2020,Kansas City Chiefs,16,473,29.6,1799,112.4,4854,303.4,6653,415.8,1
2020,Buffalo Bills,16,501,31.3,1723,107.7,4620,288.8,6343,396.4,2
2020,Tennessee Titans,16,491,30.7,2690,168.1,3653,228.3,6343,396.4,3
2020,Minnesota Vikings,16,430,26.9,2283,142.7,4009,250.6,6292,393.2,4
2020,Green Bay Packers,16,509,31.8,2118,132.4,4106,256.6,6224,389,5
2020,Arizona Cardinals,16,410,25.6,2237,139.8,3916,244.8,6153,384.6,6
2020,Tampa Bay Buccaneers,16,492,30.8,1519,94.9,4626,289.1,6145,384.1,7
2020,Las Vegas Raiders,16,434,27.1,1916,119.8,4217,263.6,6133,383.3,8
2020,Los Angeles Chargers,16,384,24,1784,111.5,4329,270.6,6113,382.1,9
2020,Indianapolis Colts,16,451,28.2,1996,124.8,4053,253.3,6049,378.1,10
2020,Los Angeles Rams,16,372,23.2,2018,126.1,4014,250.9,6032,377,11
2020,New Orleans Saints,16,482,30.1,2265,141.6,3758,234.9,6023,376.4,12
2020,Houston Texans,16,384,24,1466,91.6,4538,283.6,6004,375.2,13
2020,Dallas Cowboys,16,395,24.7,1788,111.8,4161,260.1,5949,371.8,14
2020,San Francisco 49ers,16,376,23.5,1889,118.1,4033,252.1,5922,370.1,15
2020,Cleveland Browns,16,408,25.5,2374,148.4,3539,221.2,5913,369.6,16
2020,Seattle Seahawks,16,459,28.7,1971,123.2,3941,246.3,5912,369.5,17
2020,Atlanta Falcons,16,396,24.8,1532,95.8,4363,272.7,5895,368.4,18
2020,Baltimore Ravens,16,468,29.2,3071,191.9,2739,171.2,5810,363.1,19
2020,Detroit Lions,16,377,23.6,1499,93.7,4104,256.5,5603,350.2,20
2020,Carolina Panthers,16,350,21.9,1704,106.5,3888,243,5592,349.5,21
2020,Miami Dolphins,16,404,25.2,1688,105.5,3736,233.5,5424,339,22
2020,Denver Broncos,16,323,20.2,1918,119.9,3451,215.7,5369,335.6,23
2020,Philadelphia Eagles,16,334,20.9,2027,126.7,3327,207.9,5354,334.6,24
2020,Pittsburgh Steelers,16,416,26,1351,84.4,4003,250.2,5354,334.6,25
2020,Chicago Bears,16,372,23.2,1647,102.9,3655,228.4,5302,331.4,26
2020,New England Patriots,16,326,20.4,2346,146.6,2890,180.6,5236,327.2,27
2020,Jacksonville Jaguars,16,306,19.1,1519,94.9,3699,231.2,5218,326.1,28
2020,Cincinnati Bengals,16,311,19.4,1668,104.2,3448,215.5,5116,319.8,29
2020,Washington Football Team,16,335,20.9,1611,100.7,3465,216.6,5076,317.2,30
2020,New York Giants,16,280,17.5,1768,110.5,3026,189.1,4794,299.6,31
2020,New York Jets,16,243,15.2,1683,105.2,2796,174.8,4479,279.9,32
