season,Team,Gms,Tot Pts,Pts/G,RushYds,RYds/G,PassYds,PYds/G,TotYds,Yds/G,Ranking
2010,Buffalo Bills,17,289,17,1866,109.8,2771,163,4637,272.8,1
2010,Carolina Panthers,17,404,23.8,1935,113.8,3266,192.1,5201,305.9,2
2010,San Francisco 49ers,17,365,21.5,1760,103.5,3510,206.5,5270,310,3
2010,New England Patriots,17,303,17.8,2103,123.7,3181,187.1,5284,310.8,4
2010,Cleveland Browns,17,371,21.8,1857,109.2,3439,202.3,5296,311.5,5
2010,Chicago Bears,17,407,23.9,2127,125.1,3257,191.6,5384,316.7,6
2010,New Orleans Saints,17,335,19.7,1589,93.5,3821,224.8,5410,318.2,7
2010,Denver Broncos,17,322,18.9,1892,111.3,3652,214.8,5544,326.1,8
2010,Green Bay Packers,17,371,21.8,1855,109.1,3724,219.1,5579,328.2,9
2010,Philadelphia Eagles,17,385,22.6,1834,107.9,3756,220.9,5590,328.8,10
2010,Arizona Cardinals,17,366,21.5,1952,114.8,3645,214.4,5597,329.2,11
2010,Tennessee Titans,17,354,20.8,1438,84.6,4169,245.2,5607,329.8,12
2010,Tampa Bay Buccaneers,17,353,20.8,1573,92.5,4062,238.9,5635,331.5,13
2010,Las Vegas Raiders,17,439,25.8,1943,114.3,3789,222.9,5732,337.2,14
2010,Miami Dolphins,17,373,21.9,1867,109.8,3871,227.7,5738,337.5,15
2010,Indianapolis Colts,17,365,21.5,1854,109.1,3980,234.1,5834,343.2,16
2010,Los Angeles Rams,17,372,21.9,1754,103.2,4109,241.7,5863,344.9,17
2010,Cincinnati Bengals,17,376,22.1,1742,102.5,4222,248.4,5964,350.8,18
2010,Dallas Cowboys,17,358,21.1,1918,112.8,4049,238.2,5967,351,19
2010,Jacksonville Jaguars,17,457,26.9,2127,125.1,3875,227.9,6002,353.1,20
2010,New York Giants,17,416,24.5,2193,129,3839,225.8,6032,354.8,21
2010,Washington Football Team,17,434,25.5,1775,104.4,4333,254.9,6108,359.3,22
2010,Los Angeles Chargers,17,459,27,2361,138.9,3761,221.2,6122,360.1,23
2010,Pittsburgh Steelers,17,398,23.4,2483,146.1,3656,215.1,6139,361.1,24
2010,Baltimore Ravens,17,392,23.1,1436,84.5,4742,278.9,6178,363.4,25
2010,Atlanta Falcons,17,459,27,2242,131.9,3952,232.5,6194,364.4,26
2010,Kansas City Chiefs,17,364,21.4,1999,117.6,4273,251.4,6272,368.9,27
2010,Seattle Seahawks,17,366,21.5,1932,113.6,4513,265.5,6445,379.1,28
2010,Detroit Lions,17,467,27.5,2296,135.1,4160,244.7,6456,379.8,29
2010,Minnesota Vikings,17,426,25.1,2222,130.7,4300,252.9,6522,383.6,30
2010,Houston Texans,17,452,26.6,2418,142.2,4117,242.2,6535,384.4,31
2010,New York Jets,17,504,29.6,2351,138.3,4409,259.4,6760,397.6,32
2011,Pittsburgh Steelers,16,227,14.2,1597,99.8,2751,171.9,4348,271.8,1
2011,Houston Texans,16,278,17.4,1536,96,3035,189.7,4571,285.7,2
2011,Baltimore Ravens,16,266,16.6,1482,92.6,3140,196.2,4622,288.9,3
2011,San Francisco 49ers,16,229,14.3,1236,77.2,3695,230.9,4931,308.2,4
2011,New York Jets,16,363,22.7,1777,111.1,3216,201,4993,312.1,5
2011,Jacksonville Jaguars,16,329,20.6,1667,104.2,3341,208.8,5008,313,6
2011,Cincinnati Bengals,16,323,20.2,1675,104.7,3385,211.6,5060,316.2,7
2011,Philadelphia Eagles,16,328,20.5,1801,112.6,3397,212.3,5198,324.9,8
2011,Seattle Seahawks,16,315,19.7,1797,112.3,3518,219.9,5315,332.2,9
2011,Cleveland Browns,16,307,19.2,2359,147.4,2959,184.9,5318,332.4,10
2011,Kansas City Chiefs,16,338,21.1,2112,132,3221,201.3,5333,333.3,11
2011,Atlanta Falcons,16,350,21.9,1552,97,3786,236.6,5338,333.6,12
2011,Washington Football Team,16,367,22.9,1884,117.8,3553,222.1,5437,339.8,13
2011,Dallas Cowboys,16,347,21.7,1585,99.1,3906,244.1,5491,343.2,14
2011,Miami Dolphins,16,313,19.6,1530,95.6,3992,249.5,5522,345.1,15
2011,San Diego Chargers,16,377,23.6,1955,122.2,3591,224.4,5546,346.6,16
2011,Chicago Bears,16,341,21.3,1542,96.4,4065,254.1,5607,350.4,17
2011,Arizona Cardinals,16,348,21.8,1986,124.1,3696,231,5682,355.1,18
2011,Tennessee Titans,16,317,19.8,2053,128.3,3629,226.8,5682,355.1,19
2011,Denver Broncos,16,390,24.4,2021,126.3,3704,231.5,5725,357.8,20
2011,Minnesota Vikings,16,449,28.1,1712,107,4019,251.2,5731,358.2,21
2011,St. Louis Rams,16,407,25.4,2433,152.1,3301,206.3,5734,358.4,22
2011,Detroit Lions,16,387,24.2,2050,128.1,3831,239.4,5881,367.6,23
2011,New Orleans Saints,16,339,21.2,1738,108.6,4157,259.8,5895,368.4,24
2011,Indianapolis Colts,16,430,26.9,2303,143.9,3632,227,5935,370.9,25
2011,Buffalo Bills,16,434,27.1,2224,139,3714,232.1,5938,371.1,26
2011,New York Giants,16,400,25,1940,121.2,4082,255.1,6022,376.4,27
2011,Carolina Panthers,16,429,26.8,2093,130.8,3949,246.8,6042,377.6,28
2011,Oakland Raiders,16,433,27.1,2178,136.1,4023,251.4,6201,387.6,29
2011,Tampa Bay Buccaneers,16,494,30.9,2497,156.1,3814,238.4,6311,394.4,30
2011,New England Patriots,16,342,21.4,1874,117.1,4703,293.9,6577,411.1,31
2011,Green Bay Packers,16,359,22.4,1789,111.8,4796,299.8,6585,411.6,32
2012,Pittsburgh Steelers,16,314,19.6,1450,90.6,2963,185.2,4413,275.8,1
2012,Denver Broncos,16,289,18.1,1458,91.1,3194,199.6,4652,290.8,2
2012,San Francisco 49ers,16,273,17.1,1507,94.2,3203,200.2,4710,294.4,3
2012,Seattle Seahawks,16,245,15.3,1649,103.1,3250,203.1,4899,306.2,4
2012,Chicago Bears,16,277,17.3,1627,101.7,3423,213.9,5050,315.6,5
2012,Cincinnati Bengals,16,320,20,1715,107.2,3400,212.5,5115,319.7,6
2012,Houston Texans,16,331,20.7,1560,97.5,3612,225.8,5172,323.2,7
2012,New York Jets,16,375,23.4,2138,133.6,3036,189.8,5174,323.4,8
2012,San Diego Chargers,16,350,21.9,1542,96.4,3681,230.1,5223,326.4,9
2012,Carolina Panthers,16,363,22.7,1761,110.1,3568,223,5329,333.1,10
2012,Green Bay Packers,16,336,21,1896,118.5,3492,218.2,5388,336.8,11
2012,Arizona Cardinals,16,357,22.3,2192,137,3213,200.8,5405,337.8,12
2012,Detroit Lions,16,437,27.3,1889,118.1,3569,223.1,5458,341.1,13
2012,St. Louis Rams,16,348,21.8,1880,117.5,3602,225.1,5482,342.6,14
2012,Philadelphia Eagles,16,444,27.8,2021,126.3,3470,216.9,5491,343.2,15
2012,Minnesota Vikings,16,348,21.8,1692,105.8,3908,244.2,5600,350,16
2012,Baltimore Ravens,16,344,21.5,1965,122.8,3650,228.1,5615,350.9,17
2012,Oakland Raiders,16,443,27.7,1897,118.6,3775,235.9,5672,354.5,18
2012,Dallas Cowboys,16,400,25,2003,125.2,3684,230.2,5687,355.4,19
2012,Kansas City Chiefs,16,425,26.6,2171,135.7,3533,220.8,5704,356.5,20
2012,Miami Dolphins,16,317,19.8,1734,108.4,3974,248.4,5708,356.8,21
2012,Buffalo Bills,16,435,27.2,2333,145.8,3473,217.1,5806,362.9,22
2012,Cleveland Browns,16,368,23,1898,118.6,3923,245.2,5821,363.8,23
2012,Atlanta Falcons,16,299,18.7,1971,123.2,3878,242.4,5849,365.6,24
2012,New England Patriots,16,331,20.7,1630,101.9,4342,271.4,5972,373.2,25
2012,Indianapolis Colts,16,387,24.2,2200,137.5,3788,236.8,5988,374.2,26
2012,Tennessee Titans,16,471,29.4,2035,127.2,3964,247.8,5999,374.9,27
2012,Washington Football Team,16,388,24.2,1532,95.8,4511,281.9,6043,377.7,28
2012,Tampa Bay Buccaneers,16,394,24.6,1320,82.5,4758,297.4,6078,379.9,29
2012,Jacksonville Jaguars,16,444,27.8,2256,141,3832,239.5,6088,380.5,30
2012,New York Giants,16,344,21.5,2066,129.1,4068,254.2,6134,383.4,31
2012,New Orleans Saints,16,454,28.4,2361,147.6,4681,292.6,7042,440.1,32
2013,Seattle Seahawks,16,231,14.4,1626,101.6,2752,172,4378,273.6,1
2013,Carolina Panthers,16,241,15.1,1391,86.9,3429,214.3,4820,301.2,2
2013,Cincinnati Bengals,16,305,19.1,1544,96.5,3344,209,4888,305.5,3
2013,New Orleans Saints,16,304,19,1786,111.6,3105,194.1,4891,305.7,4
2013,San Francisco 49ers,16,272,17,1535,95.9,3536,221,5071,316.9,5
2013,Arizona Cardinals,16,324,20.2,1351,84.4,3728,233,5079,317.4,6
2013,Houston Texans,16,428,26.8,1958,122.4,3123,195.2,5081,317.6,7
2013,New York Giants,16,383,23.9,1743,108.9,3573,223.3,5316,332.2,8
2013,Cleveland Browns,16,406,25.4,1781,111.3,3538,221.1,5319,332.4,9
2013,Buffalo Bills,16,388,24.2,2063,128.9,3271,204.4,5334,333.4,10
2013,New York Jets,16,387,24.2,1412,88.2,3947,246.7,5359,334.9,11
2013,Baltimore Ravens,16,352,22,1687,105.4,3681,230.1,5368,335.5,12
2013,Pittsburgh Steelers,16,370,23.1,1849,115.6,3553,222.1,5402,337.6,13
2013,Tennessee Titans,16,381,23.8,1795,112.2,3612,225.8,5407,337.9,14
2013,St. Louis Rams,16,364,22.8,1646,102.9,3874,242.1,5520,345,15
2013,Detroit Lions,16,376,23.5,1596,99.8,3950,246.9,5546,346.6,16
2013,Tampa Bay Buccaneers,16,389,24.3,1762,110.1,3806,237.9,5568,348,17
2013,Washington Football Team,16,478,29.9,1769,110.6,3896,243.5,5665,354.1,18
2013,Denver Broncos,16,399,24.9,1626,101.6,4070,254.4,5696,356,19
2013,Indianapolis Colts,16,336,21,2002,125.1,3711,231.9,5713,357.1,20
2013,Miami Dolphins,16,335,20.9,1998,124.9,3752,234.5,5750,359.4,21
2013,Oakland Raiders,16,453,28.3,1727,107.9,4092,255.8,5819,363.7,22
2013,San Diego Chargers,16,348,21.8,1725,107.8,4139,258.7,5864,366.5,23
2013,Kansas City Chiefs,16,305,19.1,1923,120.2,3962,247.6,5885,367.8,24
2013,Green Bay Packers,16,428,26.8,2000,125,3956,247.2,5956,372.2,25
2013,New England Patriots,16,338,21.1,2145,134.1,3824,239,5969,373.1,26
2013,Atlanta Falcons,16,443,27.7,2173,135.8,3897,243.6,6070,379.4,27
2013,Jacksonville Jaguars,16,449,28.1,2108,131.8,3962,247.6,6070,379.4,28
2013,Philadelphia Eagles,16,382,23.9,1668,104.2,4636,289.8,6304,394,29
2013,Chicago Bears,16,478,29.9,2583,161.4,3730,233.1,6313,394.6,30
2013,Minnesota Vikings,16,480,30,1767,110.4,4595,287.2,6362,397.6,31
2013,Dallas Cowboys,16,432,27,2056,128.5,4589,286.8,6645,415.3,32
2014,Seattle Seahawks,16,254,15.9,1304,81.5,2970,185.6,4274,267.1,1
2014,Detroit Lions,16,282,17.6,1109,69.3,3706,231.6,4815,300.9,2
2014,Denver Broncos,16,354,22.1,1276,79.8,3607,225.4,4883,305.2,3
2014,Buffalo Bills,16,289,18.1,1703,106.4,3292,205.8,4995,312.2,4
2014,San Francisco 49ers,16,340,21.2,1612,100.8,3531,220.7,5143,321.4,5
2014,New York Jets,16,401,25.1,1489,93.1,3746,234.1,5235,327.2,6
2014,Kansas City Chiefs,16,281,17.6,2036,127.2,3252,203.2,5288,330.5,7
2014,Baltimore Ravens,16,302,18.9,1412,88.2,3979,248.7,5391,336.9,8
2014,San Diego Chargers,16,348,21.8,1986,124.1,3427,214.2,5413,338.3,9
2014,Carolina Panthers,16,374,23.4,1792,112,3645,227.8,5437,339.8,10
2014,Indianapolis Colts,16,369,23.1,1814,113.4,3669,229.3,5483,342.7,11
2014,Miami Dolphins,16,373,23.3,1937,121.1,3557,222.3,5494,343.4,12
2014,New England Patriots,16,313,19.6,1669,104.3,3837,239.8,5506,344.1,13
2014,Minnesota Vikings,16,343,21.4,1943,121.4,3572,223.2,5515,344.7,14
2014,Green Bay Packers,16,348,21.8,1919,119.9,3623,226.4,5542,346.4,15
2014,Houston Texans,16,307,19.2,1681,105.1,3890,243.1,5571,348.2,16
2014,St. Louis Rams,16,354,22.1,1765,110.3,3861,241.3,5626,351.6,17
2014,Pittsburgh Steelers,16,368,23,1605,100.3,4049,253.1,5654,353.4,18
2014,Dallas Cowboys,16,352,22,1650,103.1,4031,251.9,5681,355.1,19
2014,Washington Football Team,16,438,27.4,1722,107.6,3990,249.4,5712,357,20
2014,Oakland Raiders,16,452,28.2,1911,119.4,3810,238.1,5721,357.6,21
2014,Cincinnati Bengals,16,344,21.5,1861,116.3,3888,243,5749,359.3,22
2014,Cleveland Browns,16,337,21.1,2265,141.6,3592,224.5,5857,366.1,23
2014,Arizona Cardinals,16,299,18.7,1739,108.7,4152,259.5,5891,368.2,24
2014,Tampa Bay Buccaneers,16,410,25.6,1819,113.7,4084,255.2,5903,368.9,25
2014,Jacksonville Jaguars,16,412,25.8,2033,127.1,3899,243.7,5932,370.8,26
2014,Tennessee Titans,16,438,27.4,2195,137.2,3773,235.8,5968,373,27
2014,Philadelphia Eagles,16,400,25,1771,110.7,4238,264.9,6009,375.6,28
2014,New York Giants,16,400,25,2162,135.1,3850,240.6,6012,375.8,29
2014,Chicago Bears,16,442,27.6,1803,112.7,4230,264.4,6033,377.1,30
2014,New Orleans Saints,16,424,26.5,2125,132.8,4019,251.2,6144,384,31
2014,Atlanta Falcons,16,417,26.1,1894,118.4,4478,279.9,6372,398.2,32
2015,Denver Broncos,16,296,18.5,1337,83.6,3193,199.6,4530,283.1,1
2015,Seattle Seahawks,16,277,17.3,1304,81.5,3364,210.2,4668,291.8,2
2015,Houston Texans,16,313,19.6,1597,99.8,3366,210.4,4963,310.2,3
2015,New York Jets,16,314,19.6,1335,83.4,3763,235.2,5098,318.6,4
2015,Arizona Cardinals,16,313,19.6,1460,91.2,3687,230.4,5147,321.7,5
2015,Carolina Panthers,16,308,19.2,1415,88.4,3752,234.5,5167,322.9,6
2015,Kansas City Chiefs,16,287,17.9,1571,98.2,3698,231.1,5269,329.3,7
2015,Baltimore Ravens,16,401,25.1,1661,103.8,3737,233.6,5398,337.4,8
2015,New England Patriots,16,315,19.7,1580,98.8,3851,240.7,5431,339.4,9
2015,Tampa Bay Buccaneers,16,417,26.1,1606,100.4,3840,240,5446,340.4,10
2015,Cincinnati Bengals,16,279,17.4,1477,92.3,3976,248.5,5453,340.8,11
2015,Tennessee Titans,16,423,26.4,1797,112.3,3678,229.9,5475,342.2,12
2015,Minnesota Vikings,16,302,18.9,1748,109.2,3759,234.9,5507,344.2,13
2015,Chicago Bears,16,397,24.8,1934,120.9,3593,224.6,5527,345.4,14
2015,Green Bay Packers,16,323,20.2,1905,119.1,3642,227.6,5547,346.7,15
2015,Atlanta Falcons,16,345,21.6,1680,105,3882,242.6,5562,347.6,16
2015,Dallas Cowboys,16,374,23.4,1934,120.9,3632,227,5566,347.9,17
2015,Detroit Lions,16,400,25,1808,113,3786,236.6,5594,349.6,18
2015,Buffalo Bills,16,359,22.4,1730,108.1,3972,248.2,5702,356.4,19
2015,San Diego Chargers,16,398,24.9,2005,125.3,3786,236.6,5791,361.9,20
2015,Pittsburgh Steelers,16,319,19.9,1459,91.2,4350,271.9,5809,363.1,21
2015,Oakland Raiders,16,399,24.9,1678,104.9,4140,258.8,5818,363.6,22
2015,St. Louis Rams,16,330,20.6,1820,113.8,4065,254.1,5885,367.8,23
2015,Jacksonville Jaguars,16,448,28,1709,106.8,4291,268.2,6000,375,24
2015,Miami Dolphins,16,389,24.3,2019,126.2,4000,250,6019,376.2,25
2015,Indianapolis Colts,16,408,25.5,1952,122,4114,257.1,6066,379.1,26
2015,Cleveland Browns,16,432,27,2055,128.4,4012,250.8,6067,379.2,27
2015,Washington Football Team,16,379,23.7,1962,122.6,4128,258,6090,380.6,28
2015,San Francisco 49ers,16,387,24.2,2020,126.2,4179,261.2,6199,387.4,29
2015,Philadelphia Eagles,16,430,26.9,2153,134.6,4273,267.1,6426,401.6,30
2015,New Orleans Saints,16,476,29.8,2071,129.4,4544,284,6615,413.4,31
2015,New York Giants,16,442,27.6,1942,121.4,4783,298.9,6725,420.3,32
2016,Houston Texans,16,328,20.5,1595,99.7,3226,201.6,4821,301.3,1
2016,Arizona Cardinals,16,362,22.6,1518,94.9,3365,210.3,4883,305.2,2
2016,Minnesota Vikings,16,307,19.2,1711,106.9,3327,207.9,5038,314.9,3
2016,Denver Broncos,16,297,18.6,2085,130.3,2972,185.8,5057,316.1,4
2016,Seattle Seahawks,16,292,18.2,1487,92.9,3612,225.8,5099,318.7,5
2016,Jacksonville Jaguars,16,400,25,1703,106.4,3444,215.2,5147,321.7,6
2016,Baltimore Ravens,16,321,20.1,1430,89.4,3724,232.8,5154,322.1,7
2016,New England Patriots,16,250,15.6,1417,88.6,3806,237.9,5223,326.4,8
2016,Los Angeles Rams,16,394,24.6,1660,103.8,3732,233.2,5392,337,9
2016,New York Giants,16,284,17.8,1417,88.6,4018,251.1,5435,339.7,10
2016,New York Jets,16,409,25.6,1581,98.8,3898,243.6,5479,342.4,11
2016,Pittsburgh Steelers,16,327,20.4,1600,100,3882,242.6,5482,342.6,12
2016,Philadelphia Eagles,16,331,20.7,1652,103.2,3832,239.5,5484,342.8,13
2016,Dallas Cowboys,16,306,19.1,1336,83.5,4167,260.4,5503,343.9,14
2016,Chicago Bears,16,399,24.9,1950,121.9,3598,224.9,5548,346.8,15
2016,San Diego Chargers,16,423,26.4,1567,97.9,3987,249.2,5554,347.1,16
2016,Cincinnati Bengals,16,315,19.7,1812,113.2,3800,237.5,5612,350.8,17
2016,Detroit Lions,16,358,22.4,1701,106.3,3975,248.4,5676,354.8,18
2016,Buffalo Bills,16,378,23.6,2130,133.1,3582,223.9,5712,357,19
2016,Tennessee Titans,16,378,23.6,1413,88.3,4307,269.2,5720,357.5,20
2016,Carolina Panthers,16,402,25.1,1465,91.6,4291,268.2,5756,359.8,21
2016,Green Bay Packers,16,388,24.2,1515,94.7,4308,269.2,5823,363.9,22
2016,Tampa Bay Buccaneers,16,369,23.1,1875,117.2,4012,250.8,5887,367.9,23
2016,Kansas City Chiefs,16,311,19.4,1938,121.1,3958,247.4,5896,368.5,24
2016,Atlanta Falcons,16,406,25.4,1672,104.5,4267,266.7,5939,371.2,25
2016,Oakland Raiders,16,385,24.1,1881,117.6,4120,257.5,6001,375.1,26
2016,New Orleans Saints,16,454,28.4,1626,101.6,4380,273.8,6006,375.4,27
2016,Washington Football Team,16,383,23.9,1916,119.8,4130,258.1,6046,377.9,28
2016,Miami Dolphins,16,380,23.8,2247,140.4,3875,242.2,6122,382.6,29
2016,Indianapolis Colts,16,392,24.5,1926,120.4,4200,262.5,6126,382.9,30
2016,Cleveland Browns,16,452,28.2,2283,142.7,3996,249.8,6279,392.4,31
2016,San Francisco 49ers,16,480,30,2654,165.9,3848,240.5,6502,406.4,32
2017,Minnesota Vikings,16,252,15.8,1337,83.6,3078,192.4,4415,275.9,1
2017,Jacksonville Jaguars,16,268,16.8,1860,116.2,2718,169.9,4578,286.1,2
2017,Denver Broncos,16,382,23.9,1430,89.4,3210,200.6,4640,290,3
2017,Philadelphia Eagles,16,295,18.4,1267,79.2,3637,227.3,4904,306.5,4
2017,Pittsburgh Steelers,16,308,19.2,1693,105.8,3217,201.1,4910,306.9,5
2017,Arizona Cardinals,16,361,22.6,1434,89.6,3541,221.3,4975,310.9,6
2017,Carolina Panthers,16,327,20.4,1409,88.1,3665,229.1,5074,317.1,7
2017,Dallas Cowboys,16,332,20.8,1664,104,3425,214.1,5089,318.1,8
2017,Atlanta Falcons,16,315,19.7,1665,104.1,3429,214.3,5094,318.4,9
2017,Chicago Bears,16,320,20,1730,108.1,3376,211,5106,319.1,10
2017,Seattle Seahawks,16,332,20.8,1824,114,3347,209.2,5171,323.2,11
2017,Baltimore Ravens,16,303,18.9,1780,111.2,3421,213.8,5201,325.1,12
2017,Tennessee Titans,16,356,22.2,1420,88.8,3828,239.2,5248,328,13
2017,Cleveland Browns,16,410,25.6,1566,97.9,3684,230.2,5250,328.1,14
2017,Los Angeles Chargers,16,272,17,2098,131.1,3156,197.2,5254,328.4,15
2017,Miami Dolphins,16,393,24.6,1768,110.5,3603,225.2,5371,335.7,16
2017,New Orleans Saints,16,326,20.4,1787,111.7,3597,224.8,5384,336.5,17
2017,Cincinnati Bengals,16,349,21.8,2046,127.9,3379,211.2,5425,339.1,18
2017,Los Angeles Rams,16,329,20.6,1957,122.3,3475,217.2,5432,339.5,19
2017,Houston Texans,16,436,27.2,1747,109.2,3799,237.4,5546,346.6,20
2017,Washington Football Team,16,388,24.2,2146,134.1,3420,213.8,5566,347.9,21
2017,Green Bay Packers,16,384,24,1793,112.1,3789,236.8,5582,348.9,22
2017,Oakland Raiders,16,373,23.3,1743,108.9,3858,241.1,5601,350.1,23
2017,San Francisco 49ers,16,383,23.9,1861,116.3,3764,235.2,5625,351.6,24
2017,New York Jets,16,382,23.9,1887,117.9,3749,234.3,5636,352.2,25
2017,Buffalo Bills,16,359,22.4,1994,124.6,3688,230.5,5682,355.1,26
2017,Detroit Lions,16,376,23.5,1800,112.5,3892,243.2,5692,355.8,27
2017,Kansas City Chiefs,16,339,21.2,1890,118.1,3952,247,5842,365.1,28
2017,New England Patriots,16,296,18.5,1836,114.8,4020,251.2,5856,366,29
2017,Indianapolis Colts,16,404,25.2,1927,120.4,3946,246.6,5873,367.1,30
2017,New York Giants,16,388,24.2,1933,120.8,4038,252.4,5971,373.2,31
2017,Tampa Bay Buccaneers,16,382,23.9,1880,117.5,4169,260.6,6049,378.1,32
2018,Baltimore Ravens,16,287,17.9,1327,82.9,3360,210,4687,292.9,1
2018,Buffalo Bills,16,374,23.4,1839,114.9,2867,179.2,4706,294.1,2
2018,Chicago Bears,16,283,17.7,1280,80,3515,219.7,4795,299.7,3
2018,Minnesota Vikings,16,341,21.3,1815,113.4,3140,196.2,4955,309.7,4
2018,Jacksonville Jaguars,16,316,19.8,1870,116.9,3113,194.6,4983,311.4,5
2018,Pittsburgh Steelers,16,360,22.5,1538,96.1,3697,231.1,5235,327.2,6
2018,Dallas Cowboys,16,324,20.2,1513,94.6,3755,234.7,5268,329.2,7
2018,Tennessee Titans,16,303,18.9,1863,116.4,3471,216.9,5334,333.4,8
2018,Los Angeles Chargers,16,329,20.6,1693,105.8,3646,227.9,5339,333.7,9
2018,Detroit Lions,16,360,22.5,1761,110.1,3599,224.9,5360,335,10
2018,Indianapolis Colts,16,344,21.5,1626,101.6,3805,237.8,5431,339.4,11
2018,Houston Texans,16,316,19.8,1323,82.7,4167,260.4,5490,343.1,12
2018,San Francisco 49ers,16,435,27.2,1814,113.4,3732,233.2,5546,346.6,13
2018,New Orleans Saints,16,353,22.1,1283,80.2,4302,268.9,5585,349.1,14
2018,Carolina Panthers,16,382,23.9,1804,112.8,3847,240.4,5651,353.2,15
2018,Seattle Seahawks,16,347,21.7,1811,113.2,3842,240.1,5653,353.3,16
2018,Washington Football Team,16,359,22.4,1860,116.2,3794,237.1,5654,353.4,17
2018,Green Bay Packers,16,400,25,1918,119.9,3752,234.5,5670,354.4,18
2018,Los Angeles Rams,16,384,24,1957,122.3,3780,236.2,5737,358.6,19
2018,Arizona Cardinals,16,425,26.6,2479,154.9,3262,203.9,5741,358.8,20
2018,New England Patriots,16,325,20.3,1803,112.7,3943,246.4,5746,359.1,21
2018,Denver Broncos,16,349,21.8,1913,119.6,3929,245.6,5842,365.1,22
2018,Philadelphia Eagles,16,348,21.8,1551,96.9,4308,269.2,5859,366.2,23
2018,New York Giants,16,412,25.8,1898,118.6,4044,252.8,5942,371.4,24
2018,New York Jets,16,441,27.6,2021,126.3,4065,254.1,6086,380.4,25
2018,Oakland Raiders,16,467,29.2,2249,140.6,3853,240.8,6102,381.4,26
2018,Tampa Bay Buccaneers,16,464,29,1983,123.9,4151,259.4,6134,383.4,27
2018,Atlanta Falcons,16,423,26.4,1999,124.9,4153,259.6,6152,384.5,28
2018,Miami Dolphins,16,433,27.1,2325,145.3,3932,245.8,6257,391.1,29
2018,Cleveland Browns,16,392,24.5,2163,135.2,4125,257.8,6288,393,30
2018,Kansas City Chiefs,16,421,26.3,2114,132.1,4374,273.4,6488,405.5,31
2018,Cincinnati Bengals,16,455,28.4,2204,137.8,4414,275.9,6618,413.6,32
2019,New England Patriots,16,225,14.1,1528,95.5,2886,180.4,4414,275.9,1
2019,San Francisco 49ers,16,310,19.4,1802,112.6,2707,169.2,4509,281.8,2
2019,Buffalo Bills,16,259,16.2,1649,103.1,3123,195.2,4772,298.2,3
2019,Baltimore Ravens,16,282,17.6,1494,93.4,3315,207.2,4809,300.6,4
2019,Pittsburgh Steelers,16,303,18.9,1753,109.6,3113,194.6,4866,304.1,5
2019,Los Angeles Chargers,16,345,21.6,1805,112.8,3204,200.2,5009,313.1,6
2019,New York Jets,16,359,22.4,1391,86.9,3779,236.2,5170,323.1,7
2019,Chicago Bears,16,298,18.6,1632,102,3554,222.1,5186,324.1,8
2019,Dallas Cowboys,16,321,20.1,1656,103.5,3576,223.5,5232,327,9
2019,Philadelphia Eagles,16,354,22.1,1442,90.1,3865,241.6,5307,331.7,10
2019,New Orleans Saints,16,341,21.3,1461,91.3,3868,241.8,5329,333.1,11
2019,Denver Broncos,16,316,19.8,1783,111.4,3609,225.6,5392,337,12
2019,Los Angeles Rams,16,364,22.8,1809,113.1,3625,226.6,5434,339.6,13
2019,Minnesota Vikings,16,303,18.9,1728,108,3737,233.6,5465,341.6,14
2019,Tampa Bay Buccaneers,16,449,28.1,1181,73.8,4322,270.1,5503,343.9,15
2019,Indianapolis Colts,16,373,23.3,1567,97.9,3982,248.9,5549,346.8,16
2019,Kansas City Chiefs,16,308,19.2,2051,128.2,3543,221.4,5594,349.6,17
2019,Green Bay Packers,16,313,19.6,1921,120.1,3721,232.6,5642,352.6,18
2019,Oakland Raiders,16,419,26.2,1570,98.1,4107,256.7,5677,354.8,19
2019,Atlanta Falcons,16,399,24.9,1775,110.9,3918,244.9,5693,355.8,20
2019,Tennessee Titans,16,331,20.7,1672,104.5,4080,255,5752,359.5,21
2019,Cleveland Browns,16,393,24.6,2315,144.7,3470,216.9,5785,361.6,22
2019,Carolina Panthers,16,470,29.4,2296,143.5,3696,231,5992,374.5,23
2019,Jacksonville Jaguars,16,397,24.8,2229,139.3,3778,236.1,6007,375.4,24
2019,New York Giants,16,451,28.2,1812,113.2,4225,264.1,6037,377.3,25
2019,Seattle Seahawks,16,398,24.9,1883,117.7,4223,263.9,6106,381.6,26
2019,Washington Football Team,16,435,27.2,2339,146.2,3823,238.9,6162,385.1,27
2019,Houston Texans,16,385,24.1,1937,121.1,4276,267.2,6213,388.3,28
2019,Cincinnati Bengals,16,420,26.2,2382,148.9,3917,244.8,6299,393.7,29
2019,Miami Dolphins,16,494,30.9,2166,135.4,4198,262.4,6364,397.8,30
2019,Detroit Lions,16,423,26.4,1855,115.9,4551,284.4,6406,400.4,31
2019,Arizona Cardinals,16,442,27.6,1922,120.1,4510,281.9,6432,402,32
2020,Los Angeles Rams,16,296,18.5,1460,91.2,3051,190.7,4511,281.9,1
2020,Washington Football Team,16,329,20.6,1805,112.8,3068,191.8,4873,304.6,2
2020,Pittsburgh Steelers,16,312,19.5,1783,111.4,3110,194.4,4893,305.8,3
2020,New Orleans Saints,16,337,21.1,1502,93.9,3472,217,4974,310.9,4
2020,San Francisco 49ers,16,390,24.4,1703,106.4,3327,207.9,5030,314.4,5
2020,Tampa Bay Buccaneers,16,355,22.2,1289,80.6,3945,246.6,5234,327.1,6
2020,Baltimore Ravens,16,303,18.9,1740,108.8,3536,221,5276,329.8,7
2020,Indianapolis Colts,16,362,22.6,1448,90.5,3866,241.6,5314,332.1,8
2020,Green Bay Packers,16,369,23.1,1805,112.8,3539,221.2,5344,334,9
2020,Los Angeles Chargers,16,426,26.6,1917,119.8,3578,223.6,5495,343.4,10
2020,Chicago Bears,16,370,23.1,1814,113.4,3705,231.6,5519,344.9,11
2020,New York Giants,16,357,22.3,1782,111.4,3807,237.9,5589,349.3,12
2020,Arizona Cardinals,16,367,22.9,2008,125.5,3623,226.4,5631,351.9,13
2020,Buffalo Bills,16,375,23.4,1914,119.6,3726,232.9,5640,352.5,14
2020,New England Patriots,16,353,22.1,2103,131.4,3557,222.3,5660,353.8,15
2020,Kansas City Chiefs,16,362,22.6,1954,122.1,3779,236.2,5733,358.3,16
2020,Cleveland Browns,16,419,26.2,1773,110.8,3962,247.6,5735,358.4,17
2020,Carolina Panthers,16,402,25.1,1936,121,3825,239.1,5761,360.1,18
2020,Philadelphia Eagles,16,418,26.1,2012,125.8,3798,237.4,5810,363.1,19
2020,Miami Dolphins,16,338,21.1,1862,116.4,4024,251.5,5886,367.9,20
2020,Denver Broncos,16,446,27.9,2080,130,3807,237.9,5887,367.9,21
2020,Seattle Seahawks,16,371,23.2,1529,95.6,4560,285,6089,380.6,22
2020,Dallas Cowboys,16,473,29.6,2541,158.8,3642,227.6,6183,386.4,23
2020,New York Jets,16,457,28.6,1792,112,4409,275.6,6201,387.6,24
2020,Las Vegas Raiders,16,478,29.9,2013,125.8,4212,263.2,6225,389.1,25
2020,Cincinnati Bengals,16,424,26.5,2368,148,3859,241.2,6227,389.2,26
2020,Minnesota Vikings,16,475,29.7,2151,134.4,4141,258.8,6292,393.2,27
2020,Tennessee Titans,16,439,27.4,1933,120.8,4439,277.4,6372,398.2,28
2020,Atlanta Falcons,16,414,25.9,1677,104.8,4697,293.6,6374,398.4,29
2020,Houston Texans,16,464,29,2564,160.2,4104,256.5,6668,416.8,30
2020,Jacksonville Jaguars,16,492,30.8,2452,153.2,4231,264.4,6683,417.7,31
2020,Detroit Lions,16,519,32.4,2158,134.9,4558,284.9,6716,419.8,32
